Code,LE_1990,LE_2019,GDP_1990,GDP_2019,School_1990,School_2019,Entity,Region,dLE,dGDP,dSchool,GDP1990_k,Trajectory
ALB,72.7096,79.4669,5560.834,16761.123,8.61,10.254,Albania,Europe,6.757300000000001,11.200289000000001,1.6440000000000001,5.560834,Rise
ARG,71.6145,76.8475,17007.285,26629.553,8.67,9.806,Argentina,South America,5.23299999999999,9.622268,1.1359999999999992,17.007285,Rise
AUS,77.0414,83.2412,36267.742,58048.617,11.44,12.927999999999999,Australia,Oceania,6.19980000000001,21.780875,1.4879999999999995,36.267742,Rise
AUT,75.7385,81.9072,43258.113,64609.285,8.26,10.366,Austria,Europe,6.168700000000001,21.351172000000005,2.106,43.258112999999994,Rise
BEL,76.0586,81.8353,41640.06,60479.977,10.0,11.528,Belgium,Europe,5.776700000000005,18.839917,1.5280000000000005,41.64006,Rise
BEN,53.0205,59.8875,2207.0679,3281.1047,2.24,6.1,Benin,Africa,6.867000000000004,1.0740367999999998,3.8599999999999994,2.2070679,Rise
BGD,55.8219,72.6254,2069.7822,6838.326,3.15,7.136,Bangladesh,Asia,16.8035,4.7685438,3.986,2.0697822,Rise
BGR,71.3213,75.0874,14954.135,29149.922,8.68,10.742,Bulgaria,Europe,3.7661000000000087,14.195787,2.062000000000001,14.954135,Rise
BLZ,69.5692,72.5766,8251.617,11765.975,8.97,10.680000000000001,Belize,North America,3.007400000000004,3.514358,1.7100000000000009,8.251617,Rise
BOL,56.7967,67.8198,6247.1045,11930.916,7.63,8.972,Bolivia,South America,11.0231,5.683811499999999,1.3419999999999996,6.247104500000001,Rise
BRA,65.8624,75.8093,12633.288,18018.621,4.94,7.932,Brazil,South America,9.9469,5.385332999999998,2.992,12.633288,Rise
BRB,73.4625,76.4951,19195.887,19890.455,8.79,9.628,Barbados,North America,3.032599999999988,0.694568000000003,0.838000000000001,19.195887,Rise
CAN,77.4333,82.2848,40475.098,57583.824,10.71,12.91,Canada,North America,4.8515000000000015,17.108726,2.1999999999999993,40.475097999999996,Rise
CHE,77.3851,83.7804,63921.42,81694.63,10.54,12.966000000000001,Switzerland,Europe,6.395300000000006,17.773210000000006,2.426000000000002,63.92142,Rise
CHL,73.6752,80.3243,10955.249,28227.979,8.58,10.69,Chile,South America,6.64909999999999,17.27273,2.1099999999999994,10.955249,Rise
CHN,68.1547,77.9396,1666.8141,18820.588,6.45,8.894,China,Asia,9.784899999999993,17.1537739,2.444,1.6668141,Rise
CIV,52.7959,60.2741,5255.5483,5894.9224,2.79,5.92,Cote d'Ivoire,Africa,7.478199999999994,0.6393741,3.13,5.2555483,Rise
CMR,54.3484,61.6952,4517.6187,4882.3555,4.65,7.306,Cameroon,Africa,7.346800000000002,0.3647367999999997,2.6559999999999997,4.5176187,Rise
COD,48.5381,60.2425,2403.9702,1394.7646,3.31,4.739999999999999,Democratic Republic of Congo,Africa,11.7044,-1.0092056000000003,1.4299999999999993,2.4039702000000003,Rise
COL,68.7008,76.7927,9998.811,17336.771,6.16,10.116,Colombia,South America,8.091899999999995,7.337960000000001,3.9559999999999995,9.998811,Rise
CRI,76.0936,80.2963,10979.788,23496.83,7.28,9.049999999999999,Costa Rica,North America,4.202700000000007,12.517042000000002,1.7699999999999987,10.979788000000001,Rise
CYP,76.0442,81.4543,27666.535,45454.176,9.85,12.356,Cyprus,Europe,5.4101,17.787641,2.5060000000000002,27.666535,Rise
CZE,71.4086,79.1853,27918.137,47763.617,11.35,12.93,Czechia,Europe,7.776699999999991,19.84548,1.58,27.918136999999998,Rise
DEU,75.3414,81.1893,42355.285,62949.895,8.96,13.052,Germany,Europe,5.84790000000001,20.594609999999992,4.091999999999999,42.355285,Rise
DNK,74.8655,81.4343,45943.887,66758.63,10.48,11.686,Denmark,Europe,6.568799999999996,20.814743000000004,1.2059999999999995,45.943887000000004,Rise
DOM,67.7459,73.1119,7327.7266,21451.287,6.13,8.927999999999999,Dominican Republic,North America,5.366,14.1235604,2.797999999999999,7.3277266,Rise
DZA,67.6584,75.6818,11728.546,15199.199,5.05,8.054,Algeria,Africa,8.023399999999995,3.4706530000000004,3.0040000000000004,11.728546,Rise
ECU,68.445,77.2862,9104.816,13870.489,7.23,8.964,Ecuador,South America,8.8412,4.765672999999999,1.734,9.104816000000001,Rise
EGY,62.5132,71.2128,8006.6216,15026.568,4.6,7.914,Egypt,Africa,8.699600000000004,7.0199463999999985,3.314,8.0066216,Rise
ESP,77.0004,83.4794,31773.227,46896.418,7.51,11.456,Spain,Europe,6.478999999999999,15.123190999999998,3.9459999999999997,31.773227,Rise
FIN,74.9892,81.8643,38807.117,56922.49,8.56,11.028,Finland,Europe,6.875100000000003,18.115372999999998,2.468,38.807117,Rise
FJI,65.056,67.0088,7820.7173,13056.331,9.24,11.434,Fiji,Oceania,1.9527999999999963,5.2356137,2.193999999999999,7.8207173,Stagnation
FRA,76.8351,82.7304,38655.887,53448.555,8.32,11.832,France,Europe,5.895300000000006,14.792667999999997,3.5120000000000005,38.655887,Rise
GBR,75.7377,81.4426,33530.957,53374.094,9.28,12.854000000000001,United Kingdom,Europe,5.704899999999995,19.843136999999995,3.5740000000000016,33.530957,Rise
GHA,55.3949,64.4554,2785.6711,6508.2466,6.05,8.256,Ghana,Africa,9.060499999999998,3.7225755000000005,2.2060000000000004,2.7856711,Rise
GMB,51.2782,64.4275,2653.783,2750.8213,1.85,4.82,Gambia,Africa,13.149299999999997,0.09703830000000016,2.97,2.653783,Rise
GRC,77.2986,81.3487,26916.312,33502.75,9.34,11.808,Greece,Europe,4.0501000000000005,6.5864379999999985,2.468,26.916312,Rise
GTM,61.7673,71.6394,7594.732,11466.377,3.66,6.152,Guatemala,North America,9.872099999999996,3.8716450000000004,2.492,7.594732,Rise
GUY,62.2538,69.0673,5074.431,13402.422,7.27,8.48,Guyana,South America,6.813500000000005,8.327991000000003,1.2100000000000009,5.074431,Rise
HKG,77.4481,85.2632,31598.727,65388.336,10.08,12.728,Hong Kong,Asia,7.815100000000001,33.789609000000006,2.6479999999999997,31.598727,Rise
HND,65.1825,72.1238,1172.0798,6264.019,5.07,7.4159999999999995,Honduras,North America,6.941299999999998,5.0919392000000006,2.345999999999999,1.1720798,Rise
HTI,53.2154,64.3281,3923.222,3361.7532,3.56,5.86,Haiti,North America,11.112700000000004,-0.5614688000000001,2.3000000000000003,3.923222,Rise
HUN,69.3718,76.4546,21297.0,37662.676,9.48,11.934000000000001,Hungary,Europe,7.082800000000006,16.365676,2.4540000000000006,21.297,Rise
IDN,63.2486,70.3491,4873.0537,12757.785,4.44,8.948,Indonesia,Asia,7.100500000000004,7.884731299999999,4.508,4.873053700000001,Rise
IND,58.6184,70.7463,2139.8274,7702.1763,3.56,7.702,India,Asia,12.127900000000004,5.5623489,4.1419999999999995,2.1398274,Rise
IRL,74.8375,82.4108,29504.877,96205.8,10.64,13.706,Ireland,Europe,7.573299999999989,66.700923,3.065999999999999,29.504877,Rise
IRN,64.0656,76.8549,9656.001,14841.075,5.49,9.714,Iran,Asia,12.789299999999997,5.185074,4.224,9.656001,Rise
IRQ,57.5872,71.2452,10735.094,14910.225,4.9,8.168,Iraq,Asia,13.657999999999994,4.175131000000001,3.267999999999999,10.735093999999998,Rise
ISL,77.7406,82.8474,43099.58,65994.984,9.23,13.414,Iceland,Europe,5.106799999999993,22.895403999999996,4.183999999999999,43.09958,Rise
ITA,76.9936,83.3423,42656.746,49690.63,8.32,11.43,Italy,Europe,6.348699999999994,7.033883999999998,3.1099999999999994,42.656746,Rise
JAM,71.7047,71.5316,8879.653,10816.372,7.48,10.042,Jamaica,North America,-0.17310000000000514,1.9367189999999992,2.5619999999999994,8.879653000000001,Decline
JOR,70.0935,76.8645,8241.805,10168.358,7.02,10.748000000000001,Jordan,Asia,6.771000000000001,1.926553,3.7280000000000015,8.241805000000001,Rise
JPN,78.9928,84.4177,36137.844,46055.35,10.71,12.784,Japan,Asia,5.424899999999994,9.917506000000001,2.074,36.137843999999994,Rise
KEN,58.3336,62.9391,4177.486,5171.7124,5.05,6.640000000000001,Kenya,Africa,4.605500000000006,0.9942264000000005,1.5900000000000007,4.177486,Rise
KHM,55.205,70.1267,2646.098,6448.885,3.2,5.712,Cambodia,Asia,14.921700000000001,3.8027870000000004,2.5119999999999996,2.646098,Rise
KOR,70.9936,83.6846,14377.884,49790.867,10.46,13.61,South Korea,Asia,12.691000000000003,35.412983,3.1499999999999986,14.377884,Rise
KWT,72.854,80.0223,38932.945,51380.645,5.92,6.594,Kuwait,Asia,7.168300000000002,12.447699999999998,0.6740000000000004,38.932945,Rise
LBR,37.6435,61.2324,1866.4055,1575.7666,3.08,5.652,Liberia,Africa,23.588899999999995,-0.29063890000000014,2.572,1.8664055000000002,Rise
LBY,69.3118,72.9412,18126.588,14337.196,5.42,9.466000000000001,Libya,Africa,3.6293999999999897,-3.789392,4.046000000000001,18.126587999999998,Rise
LKA,69.2389,76.698,4561.579,14637.444,8.9,10.282,Sri Lanka,Asia,7.459099999999992,10.075865,1.3819999999999997,4.561579,Rise
LSO,59.3171,55.2493,1422.1505,2773.2864,5.25,6.792,Lesotho,Africa,-4.067800000000005,1.3511359,1.5419999999999998,1.4221504999999999,Decline
LUX,74.9674,81.5879,81455.03,132724.75,9.24,11.506,Luxembourg,Europe,6.620500000000007,51.26972,2.266,81.45503,Rise
MAR,62.3958,74.2446,4418.66,8768.176,3.05,6.694,Morocco,Africa,11.848800000000004,4.3495159999999995,3.644,4.41866,Rise
MEX,69.0342,74.5302,17169.592,21704.186,6.68,10.074,Mexico,North America,5.495999999999995,4.534594000000001,3.394,17.169592,Rise
MLI,46.5415,59.2173,1890.5021,2916.1716,0.95,3.396,Mali,Africa,12.675800000000002,1.0256695000000002,2.4459999999999997,1.8905021,Rise
MLT,76.1597,82.8387,18208.105,53393.42,9.19,11.978,Malta,Europe,6.679000000000002,35.185315,2.7880000000000003,18.208105,Rise
MMR,57.1587,66.4567,775.32825,6562.989,2.99,6.364000000000001,Myanmar,Asia,9.297999999999995,5.787660749999999,3.3740000000000006,0.77532825,Rise
MOZ,44.3369,61.3059,547.6228,1528.8899,1.06,4.038,Mozambique,Africa,16.969,0.9812671,2.978,0.5476228,Rise
MUS,69.7706,74.1811,8986.033,25958.49,6.85,10.3,Mauritius,Africa,4.410499999999999,16.972457000000002,3.450000000000001,8.986032999999999,Rise
MWI,43.5748,64.995,1047.4644,1687.2894,3.14,5.3,Malawi,Africa,21.4202,0.6398249999999999,2.1599999999999997,1.0474644,Rise
MYS,70.9516,75.9005,12013.697,31300.508,8.01,11.866000000000001,Malaysia,Asia,4.948899999999995,19.286811,3.8560000000000016,12.013697,Rise
NER,41.7324,60.031,1420.2306,1605.1948,1.08,2.92,Niger,Africa,18.2986,0.18496419999999988,1.8399999999999999,1.4202306,Rise
NIC,62.4729,73.7637,4217.6084,6756.5933,4.64,7.6579999999999995,Nicaragua,North America,11.290799999999997,2.5389849000000004,3.018,4.2176084000000005,Rise
NLD,77.0122,82.053,43128.31,67847.88,10.59,11.804,Netherlands,Europe,5.04079999999999,24.719570000000008,1.2140000000000004,43.12831,Rise
NOR,76.5864,82.9553,56608.254,90772.9,10.79,12.086,Norway,Europe,6.3688999999999965,34.16464599999999,1.2960000000000012,56.608254,Rise
NPL,54.7708,69.2992,1808.2649,4607.5244,2.58,6.040000000000001,Nepal,Asia,14.528399999999998,2.7992595000000002,3.460000000000001,1.8082649,Rise
NZL,75.4252,81.8322,30785.701,47392.19,11.69,10.83,New Zealand,Oceania,6.4069999999999965,16.606489,-0.8599999999999994,30.785701,Rise
PAK,59.7282,66.7288,3199.7297,5295.953,3.05,6.306,Pakistan,Asia,7.000600000000006,2.0962233000000006,3.2560000000000002,3.1997297,Rise
PAN,71.2655,78.5145,10263.692,33163.72,8.08,10.363999999999999,Panama,North America,7.248999999999995,22.900028000000002,2.283999999999999,10.263691999999999,Rise
PER,63.9791,76.2749,6316.227,15461.457,7.39,9.89,Peru,South America,12.2958,9.14523,2.500000000000001,6.316227,Rise
PHL,64.3825,69.6804,4504.4624,9452.294,7.15,9.379999999999999,Philippines,Asia,5.297900000000013,4.9478316,2.2299999999999986,4.5044624,Rise
POL,70.606,77.9213,12821.464,38181.62,9.75,11.975999999999999,Poland,Europe,7.315300000000008,25.360156000000003,2.225999999999999,12.821464,Rise
PRT,74.3043,81.9587,27190.572,40188.285,6.73,9.476,Portugal,Europe,7.654399999999995,12.997713000000003,2.7460000000000004,27.190572,Rise
PRY,67.3405,73.6681,9961.222,15319.389,6.43,8.744,Paraguay,South America,6.32759999999999,5.358167,2.314,9.961222,Rise
ROU,69.8412,75.3288,16316.845,36399.473,9.84,11.238,Romania,Europe,5.4876000000000005,20.082627999999996,1.3979999999999997,16.316845,Rise
RUS,69.2794,73.0658,29643.596,37319.32,10.21,11.592,Russia,Europe,3.7864000000000004,7.675723999999998,1.3819999999999997,29.643596000000002,Rise
SDN,55.4969,65.8032,2460.1887,3625.5232,2.4,4.274,Sudan,Africa,10.306300000000007,1.1653345,1.874,2.4601887000000002,Rise
SEN,56.6739,67.668,2923.3442,4070.6123,2.37,4.266,Senegal,Africa,10.994100000000003,1.1472680999999998,1.896,2.9233442,Rise
SLE,43.7204,59.5935,2703.599,2852.6626,2.17,4.838,Sierra Leone,Africa,15.8731,0.14906359999999996,2.668,2.703599,Rise
SLV,61.981,71.7253,5976.0176,10543.938,5.08,8.014,El Salvador,North America,9.744300000000003,4.5679204,2.9339999999999993,5.9760176000000005,Rise
SWE,77.5886,83.0518,40199.707,61070.523,11.03,11.922,Sweden,Europe,5.4632000000000005,20.870815999999998,0.8920000000000012,40.199707000000004,Rise
SWZ,61.1675,59.8496,5447.739,10099.586,5.28,6.322,Eswatini,Africa,-1.3178999999999945,4.651847,1.0419999999999998,5.447738999999999,Decline
SYR,69.8298,70.9701,5952.3584,4928.029,4.68,7.824,Syria,Asia,1.1402999999999963,-1.0243293999999996,3.144,5.9523584000000005,Stagnation
TGO,54.557,61.0554,2409.1482,2862.6267,4.3,7.513999999999999,Togo,Africa,6.498399999999997,0.45347849999999973,3.2139999999999995,2.4091482,Rise
THA,68.9244,77.1967,8702.899,21280.15,5.21,9.198,Thailand,Asia,8.272300000000001,12.577251000000002,3.9880000000000004,8.702898999999999,Rise
TTO,67.5905,72.8357,11869.528,33748.707,8.71,11.224,Trinidad and Tobago,North America,5.245199999999997,21.879179000000004,2.5139999999999993,11.869528,Rise
TUN,69.0919,75.5992,6742.5845,13243.902,4.68,9.158,Tunisia,Africa,6.507300000000001,6.5013175,4.478,6.7425844999999995,Rise
TUR,67.8348,77.737,12184.199,28741.053,5.22,8.418000000000001,Turkey,Asia,9.902199999999993,16.556853999999998,3.1980000000000013,12.184199000000001,Rise
UGA,47.5612,66.3537,1080.0383,2689.4102,3.71,6.606,Uganda,Africa,18.792500000000004,1.6093719,2.896,1.0800383,Rise
URY,72.9937,77.5028,14060.84,30010.562,7.71,8.738,Uruguay,South America,4.5090999999999894,15.949722000000001,1.0279999999999996,14.06084,Rise
USA,75.3743,78.916,44384.21,69121.46,12.55,13.314,United States,North America,3.5416999999999916,24.737250000000007,0.7639999999999993,44.384209999999996,Rise
ZAF,62.9422,66.0711,10811.151,14352.67,6.89,10.406,South Africa,Africa,3.1289000000000016,3.541519,3.516000000000001,10.811151,Rise
ZMB,48.204,62.9145,2425.1113,3591.5642,5.02,8.276,Zambia,Africa,14.710499999999996,1.1664528999999997,3.2560000000000002,2.4251113,Rise
ZWE,58.3191,61.0603,6082.8687,4993.865,5.97,8.262,Zimbabwe,Africa,2.741199999999999,-1.0890037000000001,2.2920000000000007,6.0828687,Stagnation
